index,nama,vote_average,vote_count,type,htm_weekday,htm_weekend,latitude,longitude,description
0,Candi Borobudur,4.7,81922,sejarah,50000.0,,-7.607086854,110.2036226,Candi yang pernah masuk sebagai salah satu dari Tujuh Keajaiban Dunia ini dihiasi oleh banyak relief di dinding candi. Relief yang ada di Candi Borobudur mencapai 2.672 dan panjangnya bisa mencapai 6 kilometer
1,Candi Prambanan,4.7,71751,sejarah,50000.0,,-7.751834561,110.4915318,"Candi Prambanan adalah kompleks candi Hindu terbesar di Indonesia yang dibangun pada abad ke-9 masehi. Candi ini dipersembahkan untuk Trimurti, tiga dewa utama Hindu yaitu Brahma sebagai dewa pencipta, Wisnu sebagai dewa pemelihara, dan Siwa sebagai dewa pemusnah. Berdasarkan prasasti Siwagrha nama asli kompleks candi ini adalah Siwagrha (bahasa Sanskerta yang bermakna 'Rumah Siwa'), dan memang di garbagriha (ruang utama) candi ini bersemayam arca Siwa Mahadewa setinggi tiga meter yang menujukkan bahwa di candi ini dewa Siwa lebih diutamakan."
2,Tebing Breksi,4.4,51431,alam,10000.0,,-7.781476547,110.5045757,"Tebing Breksi merupakan tempat wisata yang berada di wilayah Kabupaten Sleman. Lokasinya berada di sebelah selatan Candi Prambanan dan berdekatan dengan Candi Ijo serta Kompleks Keraton Boko. tempat ini merupakan perbukitan batuan breksi. dari atas tebing wisatawan dapat melihat keseluruhan kota jogja, bahkan aktivitas masyarakat pun dapat terlihat dari atas tebing, serpeti pesawat yang lepas landas, kendaraan yang hilidr mudik."
3,Gembira Loka Zoo,4.5,36337,buatan,20000.0,25000.0,-7.8062344,110.3967977,"Gambira Loka adalah kebun binatang yang berada di Yogyakarta. Berisi berbagai macam spesies dari belahan dunia, seperti orangutan, gajah asia, simpanse, harimau, dan lain sebagainya. Kebun Binatang Gembira Loka menjadi daya tarik tersendiri bagi para wisatawan Yogyakarta. Gembira Loka Zoo sempat rusak parah akibat gempa bumi yang mengguncang kota Yogyakarta tahun 2006. Tetapi, setelah direnovasi Kebun Binatang Gembira Loka tetap dicari para wisatawan."
4,The Palace of Yogyakarta (Keraton Yogyakarta),4.6,30091,sejarah,8000.0,,-7.8052845,110.3642031,"Kompleks keraton merupakan museum yang menyimpan berbagai koleksi milik kesultanan, termasuk berbagai pemberian dari raja-raja Eropa, replika pusaka keraton, dan gamelan. Dari segi bangunannya, keraton ini merupakan salah satu contoh arsitektur istana Jawa yang terbaik, memiliki balairung-balairung mewah dan lapangan serta paviliun yang luas."
5,Taman Sari,4.6,27899,sejarah,5000.0,,-7.809833449,110.3595117,"Taman Sari Yogyakarta, merupakan salah satu bangunan milik kesultanan Yogyakarta yang difungsikan sebagai destinasi wisata. Namun selain sebagai destinasi wisata, taman sari pada saat tertentu juga masih digunakan sebagai tempat ritual oleh keluarga raja. Dengan bentuk bangunan arsitektur ala Portugis-Jawa, bangunan di taman ini menjadi daya tarik utama. Meskipun sekarang kondisi bangunan tak lagi utuh seperti saat masih difungsikan sebagai taman kesultanan, namun tetap saja aura keindahan terpancar kuat dari bangunan bangunan di taman ini."
6,Hutan Pinus Mangunan Dlingo,4.6,18271,alam,3000.0,,-7.9267837,110.4319967,"hutan pinus mangunan yang ada di Jogja bisa menjadi destinasi hutan yang tepat. Disana banyak terdapat pepohonan yang tinggi menjulang, yang dikenal dengan nama Pinus Merkusi. Nggak heran deh kalau banyak wisatawan yang merasa kepincut dengan objek wisata ini, sebab kesejukan dan keindahan pemandangannya benar-benar mempesona mata."
7,Jogja Bay,4.4,16877,buatan,150000.0,,-7.7478461,110.4188754,"Jogja Bay Waterpark (JBW) salah satu waterpark terbesar di asia tenggara yang berlokasi di kota wisata terbesar kedua di Indonesia yaitu Yogyakarta. Dan belakangan ini sudah menjadi salah satu tujuan destinasi wisata di Yogyakarta. Waterpark yang saat ini merupakan atraksi wahana air terbesar, terlengkap berstandar internasional dan memiliki karakter Bajak Laut – dengan bangga menyampaikan sesuai TripAdvisor Internasional telah merilis tahun 2019 “Jogja Bay Waterpark di Yogyakarta sebagai Waterpark Terbaik ke 3 di Asia”. Jogjabay telah tersertifikasi CHSE (Clean, Health, Safety, & Enviroment) dengan score 100% dari Kemenparekraf RI dan Sucofindo."
8,The World Landmarks - Merapi Park Yogyakarta,4.2,16201,buatan,15000.0,,-7.6209046,110.4216275,"Merapi Park merupakan tempat wisata yang dihadirkan sebagai tempat rekreasi keluarga. taman bermain dengan taman taman yang tertata rapi dan terkesan sejuk, sangat pas anda habiskan bersma sang buah hati atau kekasih tersayang. taman bunga dan bangku panjang paduan yang sempurna untuk sekedar bercengkrama lepas tanpa terganggu bisingnya lalu lalang kendaraan. tentu saja karena merapi park jogja ini terletak di bawah kaki gunung merapi kaliurang yang sepi dan sejuk. panorama kaki gunung inilah akan membuat hasil jepretan foto Anda menjadi lebih berwarna, cantik dan menarik."
9,The Lost World Castle,4.3,16110,"buatan,alam",30000.0,,-7.6041648,110.4510042,"Di dalam The Lost World Casle, pengunjung disuguhkan potret gagahnya Gunung Merapi. Selain itu, di dalam objek wisata ini terdapat berbagai latar untuk mengambil foto yang menarik, di antaranya taman koboi, awan putih, sepeda motor terbang, sayap bidadari, dan lain-lain. Selain itu, ada juga latar foto trik tiga-dimensi berupa air terjun, permadani terbang, dan beberapa bunga sakura tiruan yang turut menghidupkan suasana."
10,Fort Vredeburg Museum,4.6,15281,sejarah,3000.0,,-7.8002016,110.3663044,"Letak Benteng Vredeburg Yogyakarta di kawasan nol kilometer pusat Kota Yogyakarta menjadikan sebuah daya tarik bagi para wisatawan. Dalam pelayanannya kepada masyarakat, museum Benteng Vredeburg tidak lepas dari unsur-unsur pendidikan karena pada dasarnya museum memiliki dua fungsi yaitu sebagai rekreasi sekaligus tempat pendidikan. Informasi tentang kesejarahan, kebudayaan dan nilai-nilai luhur kejuangan disampaikan kepada generasi muda dalam nuansa edutainment, yang berasal dari kata education dan entertainment. Demikianlah, Benteng Vredeburg yang sekarang menjadi Museum Benteng Vredeburg Yogyakarta telah melekat dengan Kota Yogyakarta. Latar belakang sejarah Kota Yogyakarta baik sebagai ibukota Kasultanan Yogyakarta dan ibukota NKRI tidak dapat dipisahkan dengan sejarah Benteng Vredeburg Yogyakarta. Pelestarian Benteng Vredeburg sebagai museum bukan berarti pengagungan simbol kejayaan kolonial. Akan tetapi tujuannya untuk mendapatkan fungsi baru yang dapat memberikan informasi dan aspirasi perjuangan nasional bagi generasi mendatang.

"
11,Museum Benteng Vredeburg,4.6,15279,sejarah,3000.0,,-7.799287456,110.3661757,"Benteng Vredeburg merupakan salah satu museum peninggalan Belanda yang sangat terkenal di Jogja karena di museum ini memiliki nilai cerita yang cukup panjang dan masih bertahan hingga saat ini. Museum Benteng Vredeburg mengoleksi berbagai macam karya seni, berbagai macam patung, dan berbagai macam senjata peninggalan Belanda."
12,Sindu Kusuma Edupark (SKE),4.2,14072,buatan,20000.0,,-7.7672973,110.3542486,"Sindu Kusuma Edupark merupakan wahana bermain berbasis edukasi dan hiburan untuk semua usia yang buka paling pagi dan tutup paling malam di Jogjakarta. Destinasi wisata ini menyuguhkan sebuah tempat bermain bagi keluarga yang lengkap dengan berbagai wahana permainan yang seru dan juga menantang. Wahana-wahana seperti Kora-Kora, Bianglala, Waterpark, dan Light Festival menjadi wahana terfavorit bagi para wisatawan. Selain itu tersedia juga restoran berkonsep Industrial Fun Cafe dengan harga yang murah dan terjangkau cocok untuk anda sekeluarga. Semua transaksi di Sindu Kusuma Edupark ini menggunakan kartu khusus yang bisa diperoleh di loket tiket, jadi tidak repot lagi mengeluarkan uang tunai. Selain wahana permainan, di SKE ini juga ada beberapa foto spot yang cukup bagus untuk dijadikan background foto."
13,Tugu,4.8,13330,sejarah,,,-7.7828822,110.3670514,"Tugu ini sekarang merupakan salah satu objek pariwisata Yogyakarta, dan sering dikenal dengan istilah “Tugu Pal Putih” (pal juga berarti tugu), karena warna cat yang digunakan sejak dulu adalah warna putih. Tugu pal ini berbentuk bulat panjang dengan bola kecil dan ujung yang runcing di bagian atasnya. Jika dilihat dari Keraton Yogyakarta ke arah utara, maka akan terlihat bahwa Jalan Malioboro, Jalan Margo Utomo, Tugu Yogyakarta, dan Jalan A.M. Sangadji membentuk garis lurus menuju puncak Gunung Merapi yang dikenal sebagai Garis Imajiner Yogyakarta."
14,Heha Sky View,4.4,13048,buatan,10000.0,,-7.848530311,110.4787102,"Salah satu destinasi wisata favorit yang menawarkan pemandangan terbaik kota Yogyakarta dan sekitarnya “dari lantai 2”. Terletak di kawasan perbukitan Gunungkidul, HeHa Sky View hanya berjarak 40 menit dari pusat Kota Yogyakarta. Sky Ballon yang dibuat colorful menjadi salah satu wahana yang wajib dicoba. disini terdapat street food yang beraneka ragam dan dapat dinikmati sembari duduk dan mengobrol di bean bag ataupun outdoor area. banyak spot foto keren."
15,Pantai Goa Cemara,4.3,12755,alam,4000.0,,-7.999423,110.248963,"Adalah Kawasan Wisata Terpadu, satu pintu dengan pembagian area yang jelas. Public area memang seperti diutamakan di pantai ini. Jajaran pedagang lokal berpadu dengan ramainya pasar tradisional. Dengan area cakupan luas meliputi wilayah konservasi penyu hijau, wilayah lahan pertanian, daerah wisata, dan pelestarian hutan cemara. Pasar tradisional, wisata pantai, outbond, camping ground, ruang pertemuan, atv, jip wisata offroad gumukpasir, kuliner, dan cinderamata. Dengan dukungan fasilitas publik yang lengkap dan terus berkembang. Fasilitas publik seperti MCK, kantor sekretariat, kantor keamanan, posko SAR, rumah ibadah, pos kesehatan juga tersedia."
16,XT Square,4.3,12396,buatan,25000.0,,-7.8165658,110.3866908,"XT-Square merupakan kawasan yang  dibangun dengan konsep terpadu yang ditawarkan kepada masyarakat dalam satu paket pusat wisata belanja, yakni what to see, what to eat, dan what  to buy. Didesain sebagai ruang publik dengan konsep citywalk,  didukung dengan area kuliner serta area pertunjukan seni semakin menunjang aktifitas wisata belanja yang nyaman dan menyenangkan, XT-Square dibangun untuk kepuasan pengunjung."
17,Kaliadem,4.5,12338,"alam,sejarah",3000.0,,-7.582047728,110.4476387,"Bunker Kaliadaem merupakan tempat untuk berlindung dari ganasnya Gunung Merapi. tempat ini menyimpan banyak jejak ganasnya Gunung merapi. di bunker kaliadem terdapat pintu utama yang terbuat dari baja setebal 15 cm, ruangan bungker yang masih memiliki sisa-sisa material merapi, dan bagian atas yang dilapisi batu serta pasir vulkanis"
18,Monumen Yogya Kembali,4.5,11302,museum,15000.0,,-7.7495904,110.3696068,"Museum Monumen Jogja Kembali adalah sebuah museum sejarah perjuangan kemerdekaan Republik Indonesia yang ada di kota Yogyakarta dan dikelola oleh Departemen Kebudayaan dan Pariwisata. Museum yang berada di bagian utara kota ini banyak dikunjungi oleh para pelajar dalam acara darmawisata. Museum Monumen dengan bentuk kerucut ini terdiri dari 3 lantai dan dilengkapi dengan ruang perpustakaan serta ruang serbaguna. Pada rana pintu masuk dituliskan sejumlah 422 nama pahlawan yang gugur di daerah Wehrkreise III (RIS) antara tanggal 19 Desember 1948 sampai dengan 29 Juni 1949. Dalam 4 ruang museum di lantai 1 terdapat benda-benda koleksi: realia, replika, foto, dokumen, heraldika, berbagai jenis senjata, bentuk evokatif dapur umum dalam suasana perang kemerdekaan 1945-1949. Tandu dan dokar (kereta kuda) yang pernah dipergunakan oleh Panglima Besar Jenderal Soedirman juga disimpan di sini (di ruang museum nomor 2). Monumen Jogja kembali beralamat Di jalan raya Ring road Utara Sleman Yogyakarta"
19,Ratu Boko,4.6,11176,sejarah,40000.0,,-7.7705416,110.4894158,"Istana Ratu Boko adalah sebuah bangunan megah yang dibangun pada masa pemerintahan Rakai Panangkaran, salah satu keturunan Wangsa Syailendra. Istana yang awalnya bernama Abhayagiri Vihara (berarti biara di bukit yang penuh kedamaian) ini didirikan untuk tempat menyepi dan memfokuskan diri pada kehidupan spiritual. Berada di istana ini, anda bisa merasakan kedamaian sekaligus melihat pemandangan kota Yogyakarta dan Candi Prambanan dengan latar Gunung Merapi."
20,Depok Beach,4.3,10820,alam,10000.0,,-8.0137087,110.2914777,"Pantai Depok yang letaknya hanya 1,5 km dari Parangtritis ini memang terkenal di kalangan wisatawan lokal. Selain karena keindahan pantainya, wisata pantai Yogyakarta yang satu ini juga terkenal dengan aneka menu seafood yang rasanya mampu menggoyang lidah. Tidak heran, hampir seluruh warga yang tinggal di sekitar pantai ini berprofesi sebagai nelayan. Itulah kenapa hidangan laut yang diolah di tempat ini sangat istimewa. Sebab memang semua ikan dan seafood yang ada di sini memang masih segar ketika diolah."
21,Central Museum of the Air Force Dirgantara Mandala,4.5,9828,museum,3000.0,,-7.7899338,110.4156788,"Museum Pusat TNI AU “Dirgantara Mandala” adalah museum yang digagas oleh TNI Angkatan Udara untuk mengabadikan peristiwa bersejarah dalam lingkungan TNI AU, bermarkas di kompleks Pangkalan Udara Adi Sutjipto, Yogyakarta. Museum ini sebelumnya berada berada di Jalan Tanah Abang Bukit, Jakarta dan diresmikan pada 4 April 1969 oleh Panglima AU Laksamana Roesmin Noerjadin lalu dipindahkan ke Yogyakarta pada 29 Juli 1978. "
22,Masjid Gedhe Kauman,4.8,9784,sejarah,,,-7.802697521,110.3625956,"Masjid Gedhe Kauman dibangun oleh Sri Sultan Hamengku Buwono I bersama Kyai Faqih Ibrahim Diponingrat (penghulu kraton pertama) dan Kyai Wiryokusumo sebagai arsiteknya. Masjid ini dibangun pada hari Ahad Wage, 29 Mei 1773 M atau 6 Rabi'ulakhir 1187 H. Masjid Gedhe Kauman merupakan tempat untuk beribadah, namun masjid ini juga menjadi tempat wisata yang cukup terkenal. Meskipun demikian, fungsi utama masjid sebagai tempat ibadah masih terjaga dengan sangat baik lengkap dengan semua fasilitas yang diperlukan."
23,Bukit Paralayang Watugupit,4.7,9614,"alam,minat khusus",5000.0,,-8.026589501,110.3458478,"Seperti namanya, bukit ini digunakan sebagai tempat untuk landasan pacu olahraga paralayang. Para profesional banyak yang berlatih di sini. Bahkan, orang awam pun dapat mencoba paralayang karena terdapat instruktur yang akan mendampingi."
24,Pantai Drini,4.5,8969,alam,10000.0,,-8.1384509,110.577522,"Pantai Drini merupakan salah satu pantai di deretan pantai selatan Gunungkidul yang banyak direkomendasikan. Pantai ini dijuluki sebagai ‘Pantai Perawan’ karena kondisi pantai ini masih bersih dengan suasana yang masih alami. Udara tempat wisata ini sejuk, aliran airnya tenang, dan pasir putihnya begitu mempesona."
25,Pantai Parangtritis,4.5,8727,alam,6000.0,,-8.024608,110.3298045,"Paintai Parangtritis merupakan salah satu ikon di Kabupaten Bantul. Pantai ini memiliki pasir hitam. Di pantai ini dapat bermain ATV, menaiki kuda. Di sisi utara timur pantai dapat menemukan bukit kecil yang sangat cocok untuk menikmati pemandangan sore hari ditemani angin. pantai ini memiliki cerita misteri di dalamnya."
26,Embung Tambakboyo,4.4,8564,buatan,2000.0,,-7.756227,110.4150131,"Waduk Tambakboyo Kabupaten Sleman Daerah Istimewa Yogyakarta ini dibangun pada tahun 2003 dan selesai tahun 2008. Pembangunan yang memakan waktu lima tahun ini memang sudah diperhitungkan dengan matang. Pada mulanya embung atau waduk ini dibangun sebagai tempat penampungan air untuk cadangan warga Sleman. Namun seiring dengan berjalannya waktu, Embung Tambakboyo menjadi salah satu wisata alam gratis yang banyak peminatnya."
27,Lava Merapi and Alien Stone,4.5,8111,"alam,minat khusus",350000.0,,-7.6023375,110.4552585,"Lava Tour Merapi bisa menjadi pilihan aktivitas wisata ketika berlibur di Yogyakarta. Lava Tour Merapi adalah istilah untuk tur wisata kawasan terdampak erupsi Gunung Merapi tahun 2010. Tur yang dimaksud saat ini merupakan tur menggunakan mobil jenis jeep. Kegiatan tur meliputi kunjungan ke sejumlah titik yang terkena dampak langsung erupsi. Lava tour Merapi ditawarkan sebagai aneka pilihan paket wisata. Paket-paket ini dibanderol dengan harga yang beragam. Setiap paket sudah termasuk tiket masuk untuk sejumlah titik pemberhentian. Paket wisata ini bisa menampung rombongan, sehingga cocok untuk dijajal sebagai liburan keluarga atau bersama teman."
28,Plaosan Temple,4.6,7855,sejarah,3000.0,,-7.7407807,110.5046772,"Candi Plaosan terletak di Desa Bugisan, Kecamatan Prambanan, Kabupaten Klaten, kira-kira 1,5 km ke arah timur dari Candi Sewu. Candi ini merupakan sebuah kompleks bangunan kuno yang terbagi menjadi dua, yaitu kompleks Candi Plaosan Lor (lor dalam bahasa Jawa berarti utara) dan kompleks Candi Plaosan Kidul (kidul dalam bahasa Jawa berarti selatan). Pahatan yang terdapat di Candi Plaosan sangat halus dan rinci, mirip dengan yang terdapat di Candi Borobudur, Candi Sewu, dan Candi Sari. Candi Plaosan yang merupakan candi Buddha ini oleh para ahli diperkirakan dibangun pada masa pemerintahan Rakai Pikatan dari Kerajaan Mataram Hindu, yaitu pada awal abad ke-9 M. Salah satu pakar yang mendukung pendapat itu adalah De Casparis yang berpegang pada isi Prasasti Cri Kahulunan (842 M). Dalam prasasti tersebut dinyatakan bahwa Candi Plaosan Lor dibangun oleh Ratu Sri Kahulunan, dengan dukungan suaminya. Menurut De Casparis, Sri Kahulunan adalah gelar Pramodhawardani, putri Raja Samarattungga dari Wangsa Syailendra. Sang Putri, yang memeluk agama Buddha, menikah dengan Rakai Pikatan dari Wangsa Sanjaya, yang memeluk agama Hindu."
29,Agro Tourism Bhumi Merapi,4.5,7697,minat khusus,30000.0,,-7.6400756,110.4264098,"Agrowisata Bhumi Merapi Yogyakarta. Tempat wisata yang terletak di daerah Kaliurang ini menawarkan wisata edukasi bagi para pengunjungnya. Dibangun pada tahun 2015 dengan luas 5,2 hektar. Tempat wisata ini menawarkan konsep pertanian, perkebunan, dan peternakan. Jadi, selain liburan para pengunjung pun bisa mendapatkan banyak ilmu. Suasananya yang sejuk dan nyaman juga membuat para pengunjung betah berlama-lama disana. Berbagai aktivitas wisata bisa dilakukan di tempat wisata ini. Utamanya kegiatan-kegiatan yang berhubungan dengan pertanian, peternakan dan perkebunan. Berikut beberapa diantaranya. Identik dengan wisata edukasi, taman rekreasi ini menyediakan tempat belajar budidaya hewan bagi para pengunjungnya. Diantaranya kambing dan kelinci. Kambing yang dipelajari adalah jenis kambing Ettawa. Kegiatan yang dilakukan diantaranya adalah memerah susu kambing, memberikan susu dot bagi anak kambing, mengolah susu untuk dijadikan yogurt dan ice cream,  pengolahan pakan ternak, dan pengolahan kotoran kambing menjadi pupuk organik dan biogas. Sedangkan kelinci yang ada disini adalah kelinci hias dan kelinci pedaging. Dan pengunjung juga bisa memberi makan kepada kelinci. Selain itu, ada juga binatang berjenis reptile yang dipelihara disini seperti ular, kura-kura, dan reptile lainnya yang dapat digunakan sebagai sarana edukasi.

"
30,Wisata Kalibiru,4.4,6912,"alam,minat khusus",10000.0,,-7.8057305,110.127969,"Wisata Kalibiru terletak pada ketinggian 450 mdpl, yang kini telah menjadi hutan wisata nan subur. Dengan perbukitan yang ditumbuhi oleh berbagai pepohonan, seperti cemara, jati, dan kayu putih. Tempat wisata ini terletak di pedesaan, tak heran jika banyak dijumpai rumah berarsitektur Jawa kuno. Rumah – rumah ini difungsikan sebagai kantor pengelola serta loket tiket masuk. Setelah itu, pengunjung harus melakukan trekking di hutan untuk dapat menuju spot utama. Di sini, telah disediakan jalan setapak sehingga pengunjung tinggal mengikuti arah jalan tersebut. Di sepanjang perjalanan, pengunjung akan menemukan berbagai jenis vegetasi. Mulai dari semak – semak hingga pepohonan berbatang kayu yang bercabang – cabang. Selain itu, ada juga tanaman anggrek yang seolah bersembunyi di rimbunnya pepohonan."
31,De Mata Trick Eye Museum,4.4,6855,"buatan,minat khusus",40000.0,,-7.8163156,110.3871442,"Berawal dari keinginan bahwa Indonesia tidak boleh kalah dengan negara lain dalam bidang pariwisata, Direktur Utama PT. Demata Maris Indonesia, yaitu Bapak Petrus FX Kusuma mendapatkan inspirasi untuk mengadaptasi konsep tempat wisata dari luar negeri agar dapat dibawa ke Indonesia. Bertujuan agar masyarakat di Indonesia dapat mengunjungi tempat serupa namun tidak sama yang tetap lekat dengan unsur edukatif, inovatif, dan entertaining. Ditawarkan dengan harga tiket masuk yang low cost-highly entertaining, sehingga memberikan kesempatan terhadap semua kalangan untuk dapat berwisata. Dengan adanya beberapa tempat wisata yang sudah ada dan yang akan dibangun oleh PT. Demata Maris Indonesia tidak hanya merupakan sebuah cita-cita dan mimpi yang terwujud namun juga sebuah bisnis yang potensial yang memberikan kesempatan kepada seluruh masyarakat Indonesia untuk berwisata dengan harga tiket yang murah"
32,Candi Sambisari,4.6,6238,sejarah,5000.0,,-7.762491,110.4470374,"Candi Sambisari adalah Candi Hindu yang berada di Purwomartani, Kalasan, Sleman, Daerah Istimewa Yogyakarta. Posisinya kira-kira berada 12 kilometer (km) di sebelah timur kota Yogyakarta ke arah kota Solo. Lokasi candinya pun cukup unik, yaitu terletak kira-kira 6,5 meter lebih rendah dari permukaan tanah di sekitarnya. Oleh karena itu, jika hendak masuk ke dalam kompleks candi kamu harus berjalanan kaki menuruni puluhan anak tangga yang cukup curam sehingga kamu harus berhati-hati. Jika kamu berada di kawasan sekitar candi, yang kamu lihat hanyalah atap candi yang sedikit menyembul di permukaan tanah."
33,Pantai Wediombo,4.5,6072,alam,5000.0,5000.0,-8.1902176,110.7103772,"Daya tarik pantai ini terletak di gugusan karangnya. Sepanjang bibir pantai, Wedi Ombo dihiasi hamparan karang. Bebatuan ini membuat Wedi Ombo bagaikan taman karang yang luas. Selain itu, lautnya yang tenang membuat lokasinya cocok untuk bersantai. Pantai Wedi Ombo berada di pinggiran teluk. Pantai ini menghadap ke barat dengan garis pantai nyaris lurus. Ini membuat angin laut yang menerpa tidak sekencang pantai lainnya. Sehingga, lautnya pun cenderung lebih tenang."
34,Pantai Parangkusumo,4.4,5887,alam,3000.0,3000.0,-8.022769,110.324995,"Pantai Parangkusumo merupakan salah satu pantai yang dianggap sakral oleh penduduk setempat. Masyarakat Jogja meyakini adanya hubungan spesial antara Keraton Jogja dengan Nyi Roro Kidul, penguasa pantai selatan. Dalam tradisi Jawa, Pantai Parangkusumo dianggap sebagai gerbang utama atau jalan menuju Keraton Gaib Laut Selatan, kerajaan Nyi Roro Kidul. Karena itu, tak heran jika Pantai Parangkusumo kerap menjadi tujuan peziarah saat bulan Sura dalam kalender penanggalan Jawa. Begitu pun pada hari-hari biasa, pengunjung akan meramaikan pantai saat malam Selasa Kliwon dan Jumat Kliwon. Meski kental dengan nuansa mistis dan legenda, Pantai Parangkusumo juga menawarkan pemandangan yang tak kalah indah dari pantai lain di Jogja. Di sini, kamu akan melihat tumbuhan sejenis kelapa sawit berjejer di bagian belakang pantai yang menciptakan kesan asri."
35,Taman Sungai Mudal,4.6,5499,alam,10000.0,10000.0,-7.7628136,110.1161626,"Taman Sungai Mudal, sebuah objek wisata alam terbuka yang terletak di Kabupaten Kulon Progo, yang menawarkan pesona sebuah kolam pemandian yang bersumber dari mata air alami. Mata airnya bersumber dari sebuah goa, sehingga kehadiran Taman Sungai Mudal menjadi mengesampingkan kesan angker dari sebuah goa. Apalagi ditambah dengan dukungan fasilitas yang membuat para wisatawan merasa nyaman saat berada di sana."
36,Taman Pelangi Jogja,4.3,5459,buatan,15000.0,20000.0,-7.7505259,110.3687049,"Kalau pelangi biasanya ada di siang hari pasca hujan, maka di Taman Pelangi Yogyakarta pengunjung justru bisa menikmatinya setiap malam hari. Ya, ini lantaran taman ini merupakan Taman Lampion beraneka warna dan rupa. Pengunjung bisa mengarahkan diri ke deretan lampion yang berbentuk flora dan fauna. Ada juga lampion berbentuk tokoh kartun disney dan kartun jepang, dinosaurus, naga, serta kehidupan bawah laut yang sangat menarik perhatian terutama anak-anak. Tak meninggalkan sejarah, ada juga lampion yang berbentuk wajah para tokoh pemimpin bangsa. Buka sejak petang, Taman ini memang sangat cocok dijadikan pilihan destinasi rekreasi keluarga saat malam hari."
37,Situs Warungboto,4.4,5392,sejarah,,,-7.8102685,110.3931513,"Situs Warungboto merupakan petilasan yang dibangun pada masa pemerintahan Sultan Hamengkubuwono I. Kemudian, pembangunannya diteruskan pada masa pemerintahan Sultan Hamengkubuwono II. Dulunya, tempat ini khusus dijadikan sebagai tempat pemandian. Dikarenakan adanya sumber mata air di lokasi tersebut. Situs Warungboto berada di tengah Kota Jogja, tepatnya di Umbulharjo. Objek wisata ini merupakan peninggalan bersejarah yang dulu dibangun oleh keluarga keraton. Saat ini, area situs telah dibersihkan dan direnovasi sehingga dapat dikunjungi wisatawan. Tentunya tempat ini begitu menarik karena bangunannya yang unik dan instagramable."
42,Taman Pintar Yogyakarta,4.5,4846,minat khusus,20000.0,,-7.799757357,110.3678697,"Taman Pintar Yogyakarta adalah wahana wisata yang terdapat di pusat Kota Yogyakarta, tepatnya di Jalan Panembahan Senopati No. 1-3, Yogyakarta, di kawasan Benteng Vredeburg. Taman ini memadukan tempat wisata rekreasi maupun edukasi dalam satu lokasi. tempat rekreasi ini sangat baik untuk anak-anak dalam masa perkembangan. taman ini, khususnya pada wahana pendidikan anak usia dini dilengkapi dengan teknologi interaktif digital serta pemetaan video yang akan memacu imajinasi anak serta ketertarikan mereka terhadap teknologi"
62,Candi Sewu,4.6,2968,sejarah,,,-7.7439217,110.4929095,"Candi Sewu adalah candi Buddha yang dibangun pada abad ke-8 Masehi yang berjarak hanya delapan ratus meter di sebelah utara Candi Prambanan. Candi Sewu merupakan kompleks candi Buddha terbesar kedua setelah Candi Borobudur di Jawa Tengah. Candi Sewu berusia lebih tua daripada Candi Borobudur dan Prambanan. Meskipun aslinya memiliki 249 candi, oleh masyarakat setempat candi ini dinamakan ""Sewu"" yang berarti seribu dalam bahasa Jawa. Penamaan ini berdasarkan kisah legenda Loro Jonggrang."
64,Gunung Api Purba Nglanggeran,4.6,2807,alam,15000.0,,-7.8427585,110.5379165,"Kawasan Ekosistem Gunung Purba Nglanggeran atau yang biasa disebut Gunung Nglanggeran ini merupakan kawasan yang litologinya disusun oleh material vulkanik tua, berbentuk gunung batu raksasa yang membentang sepanjang kurang lebih 800 meter dengan tinggi mencapai 300 meter. di Kawasan Gunung Api Purba Nglanggeran juga dijumpai fauna dan flora langka, seperti tanaman tremas (tanaman obat yang hanya hidup dikawasan ekowisata Gunung Api Purba), kera ekor panjang."
73,Kids Fun Park (Pusat),4.4,2314,minat khusus,65500.0,,-7.827611573,110.4413491,Kids Fun merupakan wahana atau tempat bermain untuk anak-anak
81,Goa Selarong,4.3,2116,alam,6000.0,,-7.860965268,110.3145237,"Gua Selarong atau bisa disebut Gua Diponegoro, adalah gua bersejarah sekaligus tempat wisata alam dan religius. Goa Selarong merupakan sebuah goa kecil yang berada di Dusun Kembangputihan, Kecamatan Pajangan, Bantul. Lokasinya cukup mudah dijangkau karena tak jauh dari Kota Bantul, DIY. Di Goa Selarong, terdapat dua goa, yaitu Goa Kakung dan Goa P Sekilas, tak ada tampilan yang menarik secara visual dari kedua goa tersebut. Namun, goa itu menyimpan peristiwa besar yang menjadi bagian dari sejarah bangsa Indonesia. Terutama kisah kepahlawanan Pangeran Diponegoro yang menjadi tokoh besar saat meletusnya Perang Jawa pada 1825-1830.utri."
83,Pantai Glagah,4.4,2004,alam,6000.0,,-7.9119427,110.0647339,"Pantai Glagah Indah adalah salah satu pantai yang menjadi objek wisata di provinsi Daerah Istimewa Yogyakarta. Pantai Glagah Indah merupakan salah satu pantai di Yogyakarta dengan hamparan pasir yang berwarna hitam dan banyak mengandung pasir besi. Pantai Glagah Indah memiliki akses yang baik. Pantai Glagah dikenal sebagai salah satu pantai di Jogja yang memiliki ombak cukup besar. Oleh sebab itu, di kawasan pantai pun dibangun tetrapod."
104,Candi Kalasan,4.5,1291,sejarah,,,-7.767284,110.4723505,"Candi Kalasan adalah candi yang dipersembahkan untuk Dewi Tara yang dinding luarnya dilapisi semen kuno. Candi Budha tertua di Yogyakarta ini dibangun oleh Rakai Panangkaran, raja dari dinasti Syailendra yang juga mengkonsep pendirian Borobudur."
